<?xml version="1.0" encoding="UTF-8"?>

<root>
	<header build-number="6006" export-date="Sat, 30 Jun 2012 12:09:54 +0000" type="layout-set" group-id="10298" private-layout="true" theme-id="classic" color-scheme-id="01"/>
	<layouts>
		<layout layout-uuid="2f688246-4aed-474a-a24a-9aa8c71594b1" layout-id="1" path="/groups/10298/layouts/1/layout.xml">
			<permissions>
				<role name="Guest" description="Unauthenticated users always have this role." type="1">
					<action-key>VIEW</action-key>
				</role>
				<role name="Owner" description="This is an implied role with respect to the objects users create." type="1">
					<action-key>ADD_DISCUSSION</action-key>
					<action-key>DELETE</action-key>
					<action-key>DELETE_DISCUSSION</action-key>
					<action-key>UPDATE</action-key>
					<action-key>UPDATE_DISCUSSION</action-key>
					<action-key>VIEW</action-key>
					<action-key>PERMISSIONS</action-key>
				</role>
				<role name="Portal Content Reviewer" description="Autogenerated role from workflow definition" type="1"/>
				<role name="Power User" description="Power Users have their own public and private pages." type="1"/>
				<role name="Publisher" description="Publishers are responsible for publishing content." type="1"/>
				<role name="User" description="Authenticated users should be assigned this role." type="1"/>
				<role name="Writer" description="Writers are responsible for creating content." type="1"/>
				<role name="Community Administrator" description="Community Administrators are super users of their community but cannot make other users into Community Administrators." type="2"/>
				<role name="Community Content Reviewer" description="Autogenerated role from workflow definition" type="2"/>
				<role name="Community Member" description="All users who belong to a community have this role within that community." type="2">
					<action-key>ADD_DISCUSSION</action-key>
					<action-key>VIEW</action-key>
				</role>
				<role name="Community Owner" description="Community Owners are super users of their community and can assign community roles to users." type="2"/>
			</permissions>
		</layout>
		<layout layout-uuid="b95730e5-62bc-42cf-9652-4a1f334c596d" layout-id="2" path="/groups/10298/layouts/2/layout.xml">
			<permissions>
				<role name="Guest" description="Unauthenticated users always have this role." type="1">
					<action-key>VIEW</action-key>
				</role>
				<role name="Owner" description="This is an implied role with respect to the objects users create." type="1">
					<action-key>ADD_DISCUSSION</action-key>
					<action-key>DELETE</action-key>
					<action-key>DELETE_DISCUSSION</action-key>
					<action-key>UPDATE</action-key>
					<action-key>UPDATE_DISCUSSION</action-key>
					<action-key>VIEW</action-key>
					<action-key>PERMISSIONS</action-key>
				</role>
				<role name="Portal Content Reviewer" description="Autogenerated role from workflow definition" type="1"/>
				<role name="Power User" description="Power Users have their own public and private pages." type="1"/>
				<role name="Publisher" description="Publishers are responsible for publishing content." type="1"/>
				<role name="User" description="Authenticated users should be assigned this role." type="1"/>
				<role name="Writer" description="Writers are responsible for creating content." type="1"/>
				<role name="Community Administrator" description="Community Administrators are super users of their community but cannot make other users into Community Administrators." type="2"/>
				<role name="Community Content Reviewer" description="Autogenerated role from workflow definition" type="2"/>
				<role name="Community Member" description="All users who belong to a community have this role within that community." type="2">
					<action-key>ADD_DISCUSSION</action-key>
					<action-key>VIEW</action-key>
				</role>
				<role name="Community Owner" description="Community Owners are super users of their community and can assign community roles to users." type="2"/>
			</permissions>
		</layout>
		<layout layout-uuid="1d55057a-ea61-482e-b039-bf27d3d2c6ce" layout-id="3" path="/groups/10298/layouts/3/layout.xml">
			<permissions>
				<role name="Guest" description="Unauthenticated users always have this role." type="1">
					<action-key>VIEW</action-key>
				</role>
				<role name="Owner" description="This is an implied role with respect to the objects users create." type="1">
					<action-key>ADD_DISCUSSION</action-key>
					<action-key>DELETE</action-key>
					<action-key>DELETE_DISCUSSION</action-key>
					<action-key>UPDATE</action-key>
					<action-key>UPDATE_DISCUSSION</action-key>
					<action-key>VIEW</action-key>
					<action-key>PERMISSIONS</action-key>
				</role>
				<role name="Portal Content Reviewer" description="Autogenerated role from workflow definition" type="1"/>
				<role name="Power User" description="Power Users have their own public and private pages." type="1"/>
				<role name="Publisher" description="Publishers are responsible for publishing content." type="1"/>
				<role name="User" description="Authenticated users should be assigned this role." type="1"/>
				<role name="Writer" description="Writers are responsible for creating content." type="1"/>
				<role name="Community Administrator" description="Community Administrators are super users of their community but cannot make other users into Community Administrators." type="2"/>
				<role name="Community Content Reviewer" description="Autogenerated role from workflow definition" type="2"/>
				<role name="Community Member" description="All users who belong to a community have this role within that community." type="2">
					<action-key>ADD_DISCUSSION</action-key>
					<action-key>VIEW</action-key>
				</role>
				<role name="Community Owner" description="Community Owners are super users of their community and can assign community roles to users." type="2"/>
			</permissions>
		</layout>
		<layout layout-uuid="7bebf3b0-9781-4d42-9891-cfd4351e97c5" layout-id="4" path="/groups/10298/layouts/4/layout.xml">
			<permissions>
				<role name="Guest" description="Unauthenticated users always have this role." type="1">
					<action-key>VIEW</action-key>
				</role>
				<role name="Owner" description="This is an implied role with respect to the objects users create." type="1">
					<action-key>ADD_DISCUSSION</action-key>
					<action-key>DELETE</action-key>
					<action-key>DELETE_DISCUSSION</action-key>
					<action-key>UPDATE</action-key>
					<action-key>UPDATE_DISCUSSION</action-key>
					<action-key>VIEW</action-key>
					<action-key>PERMISSIONS</action-key>
				</role>
				<role name="Portal Content Reviewer" description="Autogenerated role from workflow definition" type="1"/>
				<role name="Power User" description="Power Users have their own public and private pages." type="1"/>
				<role name="Publisher" description="Publishers are responsible for publishing content." type="1"/>
				<role name="User" description="Authenticated users should be assigned this role." type="1"/>
				<role name="Writer" description="Writers are responsible for creating content." type="1"/>
				<role name="Community Administrator" description="Community Administrators are super users of their community but cannot make other users into Community Administrators." type="2"/>
				<role name="Community Content Reviewer" description="Autogenerated role from workflow definition" type="2"/>
				<role name="Community Member" description="All users who belong to a community have this role within that community." type="2">
					<action-key>ADD_DISCUSSION</action-key>
					<action-key>VIEW</action-key>
				</role>
				<role name="Community Owner" description="Community Owners are super users of their community and can assign community roles to users." type="2"/>
			</permissions>
		</layout>
	</layouts>
	<portlets>
		<portlet portlet-id="20" layout-id="1" path="/groups/10298/portlets/20/10306/portlet.xml"/>
		<portlet portlet-id="15" layout-id="1" path="/groups/10298/portlets/15/10306/portlet.xml"/>
		<portlet portlet-id="31" layout-id="1" path="/groups/10298/portlets/31/10306/portlet.xml"/>
		<portlet portlet-id="25" layout-id="1" path="/groups/10298/portlets/25/10306/portlet.xml"/>
		<portlet portlet-id="84" layout-id="1" path="/groups/10298/portlets/84/10306/portlet.xml"/>
		<portlet portlet-id="116" layout-id="1" path="/groups/10298/portlets/116/10306/portlet.xml"/>
		<portlet portlet-id="100" layout-id="1" path="/groups/10298/portlets/100/10306/portlet.xml"/>
		<portlet portlet-id="11" layout-id="1" path="/groups/10298/portlets/11/10306/portlet.xml"/>
		<portlet portlet-id="8" layout-id="2" path="/groups/10298/portlets/8/10311/portlet.xml"/>
		<portlet portlet-id="101_INSTANCE_Lr8b" layout-id="2" path="/groups/10298/portlets/101_INSTANCE_Lr8b/10311/portlet.xml"/>
		<portlet portlet-id="110_INSTANCE_ll3V" layout-id="3" path="/groups/10298/portlets/110_INSTANCE_ll3V/10317/portlet.xml"/>
		<portlet portlet-id="64" layout-id="3" path="/groups/10298/portlets/64/10317/portlet.xml"/>
		<portlet portlet-id="31" layout-id="4" path="/groups/10298/portlets/31/10322/portlet.xml"/>
	</portlets>
</root>